{
    "amplitude": 3.950000047683716,
    "amplitudeMult": 0.8199999928474426,
    "baseReflectance": [
        0.05882352963089943,
        0.05882352963089943,
        0.05882352963089943
    ],
    "drag": 1.25,
    "emissivity": [
        0.0,
        0.0,
        0.0
    ],
    "enableFog": true,
    "fogColor": [
        1.0,
        1.0,
        1.0
    ],
    "fogFar": 1000.0,
    "fogNear": 0.10000000149011612,
    "fogOffset": 600.0,
    "fogSteepness": 0.009999999776482582,
    "frequency": 0.04500000178813934,
    "frequencyMult": 1.149999976158142,
    "iterationMult": 1.1799999475479126,
    "iterations": 32,
    "lightColor": [
        1.0,
        1.0,
        1.0
    ],
    "lightDirection": [
        -0.28700000047683716,
        -0.17399999499320984,
        -1.0
    ],
    "maxDistance": 1000.0,
    "maxDivision": 40.0,
    "metallic": 0.0,
    "minDistance": 0.10000000149011612,
    "minDivision": 1.0,
    "peakMax": 1.0,
    "peakOffset": 1.0,
    "roughness": 0.050850000232458115,
    "skyColor": [
        1.0,
        1.0,
        1.0
    ],
    "speed": 2.0399999618530273,
    "speedMult": 1.0700000524520874,
    "sunBrightness": 1.0,
    "sunSize": 0.9990000128746033,
    "waterColor": [
        0.0313725508749485,
        0.18039216101169586,
        0.21960784494876862
    ]
}