{
    "ambientColor": [
        1.0,
        1.0,
        1.0
    ],
    "ambientStrength": 0.25999999046325684,
    "amplitude": 3.549999952316284,
    "amplitudeMult": 0.8100000023841858,
    "drag": 2.0,
    "enableFog": true,
    "fogColor": [
        1.0,
        1.0,
        1.0
    ],
    "fogFar": 1000.0,
    "fogNear": 0.10000000149011612,
    "fogOffset": 600.0,
    "fogSteepness": 0.009999999776482582,
    "frequency": 0.05999999865889549,
    "frequencyMult": 1.128999948501587,
    "iterationMult": 1.1799999475479126,
    "iterations": 32,
    "lightColor": [
        1.0,
        1.0,
        1.0
    ],
    "lightDirection": [
        -0.28700000047683716,
        -0.3050000071525574,
        -1.0
    ],
    "maxDistance": 1000.0,
    "maxDivision": 32.0,
    "minDistance": 0.10000000149011612,
    "minDivision": 1.0,
    "peakMax": 1.0,
    "peakOffset": 1.0,
    "shininess": 256,
    "skyColor": [
        1.0,
        1.0,
        1.0
    ],
    "specularStrength": 1.0,
    "speed": 2.2300000190734863,
    "speedMult": 1.0700000524520874,
    "sunBrightness": 2.0,
    "sunSize": 0.9990000128746033,
    "waterColor": [
        0.24452131986618042,
        0.35779231786727905,
        0.5196078419685364
    ]
}