{
    "ambientColor": [
        1.0,
        1.0,
        1.0
    ],
    "ambientStrength": 0.20000000298023224,
    "amplitude": 6.0,
    "amplitudeMult": 0.8199999928474426,
    "drag": 0.8999999761581421,
    "enableFog": true,
    "fogColor": [
        0.9843137264251709,
        0.7843137383460999,
        0.4156862795352936
    ],
    "fogFar": 1000.0,
    "fogNear": 0.10000000149011612,
    "fogOffset": 500.0,
    "fogSteepness": 0.009999999776482582,
    "frequency": 0.03099999949336052,
    "frequencyMult": 1.1799999475479126,
    "iterationMult": 1.1799999475479126,
    "iterations": 32,
    "lightColor": [
        0.9852941036224365,
        0.7841440439224243,
        0.41536909341812134
    ],
    "lightDirection": [
        -0.20000000298023224,
        -0.2549999952316284,
        -1.0
    ],
    "peakMax": 1.0,
    "peakOffset": 1.0,
    "shininess": 256,
    "skyColor": [
        0.2967608571052551,
        0.4507811367511749,
        0.46568626165390015
    ],
    "specularStrength": 1.0,
    "speed": 1.5,
    "speedMult": 1.0700000524520874,
    "sunBrightness": 2.0,
    "sunSize": 0.9990000128746033,
    "waterColor": [
        0.4677768647670746,
        0.724105715751648,
        0.9264705777168274
    ]
}