{
    "ambientColor": [
        1.0,
        1.0,
        1.0
    ],
    "ambientStrength": 0.20000000298023224,
    "amplitude": 4.0,
    "amplitudeMult": 0.8199999928474426,
    "drag": 1.8700000047683716,
    "enableFog": true,
    "fogColor": [
        1.0,
        1.0,
        1.0
    ],
    "fogFar": 1000.0,
    "fogNear": 0.10000000149011612,
    "fogOffset": 500.0,
    "fogSteepness": 0.009999999776482582,
    "frequency": 0.05400000140070915,
    "frequencyMult": 1.128999948501587,
    "iterationMult": 1.1799999475479126,
    "iterations": 40,
    "lightColor": [
        1.0,
        0.9385813474655151,
        0.6519607901573181
    ],
    "lightDirection": [
        -0.28700000047683716,
        -0.2619999945163727,
        -1.0
    ],
    "peakMax": 1.0,
    "peakOffset": 1.0,
    "shininess": 256,
    "skyColor": [
        1.0,
        1.0,
        1.0
    ],
    "specularStrength": 1.0,
    "speed": 1.5,
    "speedMult": 1.0700000524520874,
    "sunBrightness": 2.0,
    "sunSize": 0.9990000128746033,
    "waterColor": [
        0.3195405602455139,
        0.4395608901977539,
        0.5343137383460999
    ]
}