{
    "amplitude": 8.020000457763672,
    "amplitudeMult": 0.8199999928474426,
    "baseReflectance": [
        0.05882352963089943,
        0.05882352963089943,
        0.05882352963089943
    ],
    "drag": 1.5,
    "emissivity": [
        0.09058055281639099,
        0.14901961386203766,
        0.13183164596557617
    ],
    "enableFog": true,
    "fogColor": [
        1.0,
        1.0,
        1.0
    ],
    "fogFar": 1000.0,
    "fogNear": 0.10000000149011612,
    "fogOffset": 700.0,
    "fogSteepness": 0.009999999776482582,
    "frequency": 0.023000000044703484,
    "frequencyMult": 1.1799999475479126,
    "iterationMult": 1.1799999475479126,
    "iterations": 40,
    "lightColor": [
        0.936274528503418,
        0.936274528503418,
        0.6195934414863586
    ],
    "lightDirection": [
        -0.5090000033378601,
        -0.12999999523162842,
        -1.0
    ],
    "maxDistance": 1000.0,
    "maxDivision": 64.0,
    "metallic": 0.0,
    "minDistance": 0.009999999776482582,
    "minDivision": 1.0,
    "peakMax": 1.0,
    "peakOffset": 0.8899999856948853,
    "roughness": 0.050850000232458115,
    "scatterColor": [
        0.1937716007232666,
        0.555261492729187,
        0.7058823108673096
    ],
    "scatterDistortion": 0.0,
    "scatterPower": 2.0,
    "scatterStrength": 2.8399999141693115,
    "skyColor": [
        1.0,
        1.0,
        1.0
    ],
    "speed": 2.0399999618530273,
    "speedMult": 1.0700000524520874,
    "sunBrightness": 1.0,
    "sunSize": 0.9990000128746033,
    "waterColor": [
        0.2884948253631592,
        0.7201302647590637,
        0.8529411554336548
    ]
}